Asset ID,Name,Device Type,Brand,Model,Serial Number,CPU,CPU Generation,RAM,Storage,Storage Type,Operating System,Purchase Date,Purchase Price,Warranty Expiry,Status,Assigned To Name,Assigned To Email,Department,Location,Notes
AST-2025-001,Workstation - Sohail Ahmad,Laptop,Dell,Latitude Series,SN-SAH-001,Intel Core i7,8th Gen,16 GB,238 GB,SSD,Windows 10 Pro,2024-01-01,,2027-01-01,assigned,Sohail Ahmad,sohail.ahmad@company.com,IT,Office,
AST-2025-002,Workstation - Arbaz Ahmed Khan,Laptop,Dell,Latitude Series,SN-AAK-002,Intel Core i7,8th Gen,16 GB,238 GB,SSD,Windows 10 Pro,2024-01-01,,2027-01-01,assigned,Arbaz Ahmed Khan,arbaz.khan@company.com,IT,Office,
AST-2025-003,Workstation - Saad Subzwari,Laptop,Dell,Latitude Series,SN-SSB-003,Intel Core i5,8th Gen,16 GB,224 GB,SSD,Windows 10 Pro,2024-01-01,,2027-01-01,assigned,Saad Subzwari,saad.subzwari@company.com,IT,Office,
AST-2025-004,Workstation - Nate,Laptop,Dell,Latitude Series,SN-NAT-004,Intel Core i7,8th Gen,16 GB,477 GB,SSD,Windows 10 Pro,2024-01-01,,2027-01-01,assigned,Nate,nate@company.com,IT,Office,
AST-2025-005,Workstation - Luke,Laptop,Dell,Latitude Series,SN-LUK-005,Intel Core i5,6th Gen,16 GB,238 GB,SSD,Windows 10 Pro,2024-01-01,,2027-01-01,assigned,Luke,luke@company.com,IT,Office,
AST-2025-006,Workstation - Marcus,Laptop,Dell,Latitude Series,SN-MAR-006,Intel Core i5,3rd Gen,12 GB,585 GB,HDD,Windows 10 Pro,2024-01-01,,2027-01-01,assigned,Marcus,marcus@company.com,IT,Office,
AST-2025-007,Workstation - Elijah,Laptop,Dell,Latitude Series,SN-ELI-007,Intel Core i5,6th Gen,8 GB,238 GB,SSD,Windows 10 Pro,2024-01-01,,2027-01-01,assigned,Elijah,elijah@company.com,IT,Office,
AST-2025-008,Workstation - Zubair Javed,Laptop,Dell,Latitude Series,SN-ZJV-008,Intel Core i7,8th Gen,16 GB,238 GB,SSD,Windows 10 Pro,2024-01-01,,2027-01-01,assigned,Zubair Javed,zubair.javed@company.com,IT,Office,
AST-2025-009,Workstation - Liam,Laptop,Dell,Latitude Series,SN-LIA-009,Intel Core i5,8th Gen,16 GB,238 GB,SSD,Windows 10 Pro,2024-01-01,,2027-01-01,assigned,Liam,liam@company.com,IT,Office,
AST-2025-010,Workstation - Cory Hill,Laptop,Dell,Latitude Series,SN-CHI-010,Intel Core i5,6th Gen,12 GB,238 GB,SSD,Windows 10 Pro,2024-01-01,,2027-01-01,assigned,Cory Hill,cory.hill@company.com,IT,Office,
AST-2025-011,Workstation - Troy,Laptop,Dell,Latitude Series,SN-TRO-011,Intel Core i5,11th Gen,16 GB,238 GB,SSD,Windows 11 Pro,2024-01-01,,2027-01-01,assigned,Troy,troy@company.com,IT,Office,
AST-2025-012,Workstation - Jordan,Laptop,Dell,Latitude Series,SN-JOR-012,Intel Core i5,6th Gen,16 GB,238 GB,SSD,Windows 10 Pro,2024-01-01,,2027-01-01,assigned,Jordan,jordan@company.com,IT,Office,
AST-2025-013,Workstation - Neil,Laptop,Dell,Latitude Series,SN-NEI-013,Intel Core i5,8th Gen,16 GB,238 GB,SSD,Windows 10 Pro,2024-01-01,,2027-01-01,assigned,Neil,neil@company.com,IT,Office,
AST-2025-014,Workstation - Fahad,Laptop,Dell,Latitude Series,SN-FAH-014,Intel Core i7,8th Gen,16 GB,238 GB,SSD,Windows 10 Pro,2024-01-01,,2027-01-01,assigned,Fahad,fahad@company.com,IT,Office,
AST-2025-015,Workstation - Masab,Laptop,Dell,Latitude Series,SN-MAS-015,Intel Core i5,8th Gen,16 GB,238 GB,SSD,Windows 10 Pro,2024-01-01,,2027-01-01,assigned,Masab,masab@company.com,IT,Office,
AST-2025-016,Workstation - Jamie,Laptop,Dell,Latitude Series,SN-JAM-016,Intel Core i5,6th Gen,12 GB,238 GB,SSD,Windows 10 Pro,2024-01-01,,2027-01-01,assigned,Jamie,jamie@company.com,IT,Office,
AST-2025-017,Workstation - Gavin,Laptop,Dell,Latitude Series,SN-GAV-017,Intel Core i7,8th Gen,32 GB,238 GB,SSD,Windows 10 Pro,2024-01-01,,2027-01-01,assigned,Gavin,gavin@company.com,IT,Office,
AST-2025-018,Workstation - Alan,Laptop,Dell,Latitude Series,SN-ALA-018,Intel Core i5,6th Gen,8 GB,238 GB,SSD,Windows 10 Pro,2024-01-01,,2027-01-01,assigned,Alan,alan@company.com,IT,Office,
AST-2025-019,Workstation - Blake Riley,Laptop,Dell,Latitude Series,SN-BRI-019,Intel Core i5,8th Gen,8 GB,238 GB,SSD,Windows 10 Pro,2024-01-01,,2027-01-01,assigned,Blake Riley,blake.riley@company.com,IT,Office,
AST-2025-020,Workstation - Taqi Mirza,Laptop,Dell,Latitude Series,SN-TMI-020,Intel Core i7,8th Gen,12 GB,128 GB,SSD,Windows 10 Pro,2025-12-22,,2028-12-22,assigned,Taqi Mirza,taqi.mirza@company.com,IT,Office,Assigned on 22/12/2025
AST-2025-021,Workstation - Will Evans,Laptop,Dell,Latitude Series,SN-WEV-021,Intel Core i5,8th Gen,8 GB,128 GB,SSD,Windows 10 Pro,2025-12-22,,2028-12-22,assigned,Will Evans,will.evans@company.com,IT,Office,Assigned on 22/12/2025
AST-2025-022,Workstation - James Perry,Laptop,Dell,Latitude Series,SN-JPE-022,Intel Core i7,8th Gen,16 GB,238 GB,SSD,Windows 10 Pro,2026-01-06,,2029-01-06,assigned,James Perry,james.perry@company.com,IT,Office,Assigned on 06/01/2026
AST-2025-023,Workstation - Osama Bin Ramzan,Laptop,Dell,Latitude Series,SN-OBR-023,Intel Core i7,8th Gen,16 GB,238 GB,SSD,Windows 10 Pro,2026-01-06,,2029-01-06,assigned,Osama Bin Ramzan,osama.ramzan@company.com,IT,Office,Assigned on 06/01/2026
AST-2025-024,Workstation - Musawar Ali,Laptop,Dell,Latitude Series,SN-MAL-024,Intel Core i5,11th Gen,16 GB,128 GB,SSD,Windows 11 Pro,2024-01-01,,2027-01-01,assigned,Musawar Ali,musawar.ali@company.com,IT,Office,
AST-2025-025,Home System - Zubair Javed,Laptop,Dell,Latitude Series,SN-ZJH-025,Intel Core i7,8th Gen,16 GB,238 GB,SSD,Windows 10 Pro,2024-01-01,,2027-01-01,assigned,Zubair Javed,zubair.javed@company.com,IT,Remote/Home,Home System
